sha,commit_message,author_name,author_email,author_date,committer_name,committer_email,committer_date,_extracted_at,_execution_id,_repository_full_name
abc123def456,Initial commit,John Doe,john@example.com,2024-01-15T10:30:00Z,John Doe,john@example.com,2024-01-15T10:30:00Z,2025-01-03T02:00:00Z,exec-20250103-001,johndoe/awesome-project
def456ghi789,Add CI/CD workflow,Contributor One,contributor1@example.com,2024-01-18T14:20:00Z,John Doe,john@example.com,2024-01-19T15:30:00Z,2025-01-03T02:00:00Z,exec-20250103-001,johndoe/awesome-project
ghi789jkl012,Fix memory leak in worker,John Doe,john@example.com,2024-03-14T11:45:00Z,John Doe,john@example.com,2024-03-15T16:20:00Z,2025-01-03T02:00:00Z,exec-20250103-001,johndoe/awesome-project
jkl012mno345,Update dependencies,Contributor Two,contributor2@example.com,2024-06-10T09:15:00Z,John Doe,john@example.com,2024-06-10T10:30:00Z,2025-01-03T02:00:00Z,exec-20250103-001,johndoe/awesome-project
mno345pqr678,Implement rate limiting,Contributor Two,contributor2@example.com,2024-12-20T16:00:00Z,Contributor Two,contributor2@example.com,2024-12-20T16:00:00Z,2025-01-03T02:00:00Z,exec-20250103-001,johndoe/awesome-project
pqr678stu901,Initial API setup,Developer One,dev1@acme.com,2023-06-10T08:15:00Z,Developer One,dev1@acme.com,2023-06-10T08:15:00Z,2025-01-03T02:00:00Z,exec-20250103-001,acmecorp/enterprise-api
stu901vwx234,Fix migration script,Developer One,dev1@acme.com,2023-07-16T13:20:00Z,Developer One,dev1@acme.com,2023-07-16T14:30:00Z,2025-01-03T02:00:00Z,exec-20250103-001,acmecorp/enterprise-api
vwx234yza567,Add JWT authentication,Developer Two,dev2@acme.com,2023-09-04T15:30:00Z,Developer Two,dev2@acme.com,2023-09-05T16:45:00Z,2025-01-03T02:00:00Z,exec-20250103-001,acmecorp/enterprise-api
yza567bcd890,Optimize queries,Developer One,dev1@acme.com,2024-12-15T10:20:00Z,Developer One,dev1@acme.com,2024-12-15T11:30:00Z,2025-01-03T02:00:00Z,exec-20250103-001,acmecorp/enterprise-api
bcd890efg123,Setup dbt project,Jane Doe,jane@example.com,2024-03-21T14:00:00Z,Jane Doe,jane@example.com,2024-03-22T14:15:00Z,2025-01-03T02:00:00Z,exec-20250103-001,janedoe/data-pipeline
efg123hij456,Add staging models,Jane Doe,jane@example.com,2024-04-10T11:30:00Z,Jane Doe,jane@example.com,2024-04-10T12:45:00Z,2025-01-03T02:00:00Z,exec-20250103-001,janedoe/data-pipeline
hij456klm789,Implement data tests,Jane Doe,jane@example.com,2024-05-15T16:20:00Z,Jane Doe,jane@example.com,2024-05-15T17:30:00Z,2025-01-03T02:00:00Z,exec-20250103-001,janedoe/data-pipeline
klm789nop012,Initial React app,Developer Four,dev4@tech.com,2024-08-05T09:45:00Z,Developer Four,dev4@tech.com,2024-08-05T09:45:00Z,2025-01-03T02:00:00Z,exec-20250103-001,techcorp/frontend-app
nop012qrs345,Upgrade to React 18,Developer Four,dev4@tech.com,2024-08-13T14:20:00Z,Developer Four,dev4@tech.com,2024-08-14T15:45:00Z,2025-01-03T02:00:00Z,exec-20250103-001,techcorp/frontend-app
qrs345tuv678,Fix mobile layout,Developer Four,dev4@tech.com,2024-11-17T12:15:00Z,Developer Four,dev4@tech.com,2024-11-18T15:30:00Z,2025-01-03T02:00:00Z,exec-20250103-001,techcorp/frontend-app
tuv678wxy901,Add dark mode styles,Designer One,designer1@tech.com,2024-12-28T17:00:00Z,Designer One,designer1@tech.com,2024-12-28T17:00:00Z,2025-01-03T02:00:00Z,exec-20250103-001,techcorp/frontend-app
wxy901zab234,Initial CLI implementation,Contributor Five,contributor5@oss.org,2023-11-12T13:20:00Z,Contributor Five,contributor5@oss.org,2023-11-12T13:20:00Z,2025-01-03T02:00:00Z,exec-20250103-001,oss-community/cli-tool
zab234cde567,Add YAML support,Contributor Five,contributor5@oss.org,2023-12-09T15:30:00Z,Contributor Five,contributor5@oss.org,2023-12-10T16:45:00Z,2025-01-03T02:00:00Z,exec-20250103-001,oss-community/cli-tool
cde567fgh890,Improve error messages,Contributor Six,contributor6@oss.org,2024-03-18T10:45:00Z,Contributor Six,contributor6@oss.org,2024-03-18T11:20:00Z,2025-01-03T02:00:00Z,exec-20250103-001,oss-community/cli-tool
fgh890ijk123,Fix autocomplete bug,Contributor Six,contributor6@oss.org,2024-08-22T14:30:00Z,Contributor Six,contributor6@oss.org,2024-08-22T15:15:00Z,2025-01-03T02:00:00Z,exec-20250103-001,oss-community/cli-tool
